"paraid","citedparaid","finalscore"
1981831,2008025,0.0000006991782584
2034558,2783254,0.0000000284690884
1212479,2669166,0.0000015017367332
2039158,417737,0.42807358503341675
1629935,3003059,0.0000000124228539
1973248,386823,0.0000001624601111
1262549,2597169,0.07499457895755768
2171127,866202,0.0000033335977605
1413853,1181022,0.0000053378134908
2039549,1457612,0.0000005704816886
1627768,2947585,0.11367346346378326
2827067,1126912,0.0007930059800856
2037885,743661,0.0000000055550777
2019251,2829272,0.0000005172763622
404710,1817591,0.0000164055782079
202279,628355,0.03233921155333519
1262157,931934,0.000006265718639
606055,945215,0.004789642058312893
1627332,2948373,0.0000000124599442
1630565,2117460,0.0012189858825877309
1628402,1224437,0.6479259729385376
1620356,1368953,0.484876811504364
1464293,947783,0.0000582938373554
1615629,1535643,0.0000002496453249
923858,346405,0.0000000043190438
656609,656609,0.006749349180608988
504978,1141695,0.0014774710580240935
1984754,564072,0.0000000390723436
1212224,510758,0.0000028615713745
2021949,1022026,0.000000792976607
923618,3070055,0.0000000042640331
1617805,602869,0.03501293063163757
858318,2322296,0.0000001342434928
920699,135295,0.0000000530222231
1627330,1522131,0.0000338159152307
355612,1213918,0.9441070556640625
2034660,1924187,0.016705095767974854
1630319,2933389,0.0000008343167224
606029,1529683,0.0016627816949039698
923775,488919,0.000000052974567
1313312,1091830,0.0000206196127692
2372571,937575,0.0000107162222776
2069676,1066922,0.0008282387861982
2019170,651112,0.015194100327789783
2726034,2532467,0.0000001559676122
657854,1618277,0.000001500099188
2019920,502170,0.09629977494478226
1617906,1572692,0.0000121413440866
1628881,2189804,0.10870660096406937
504810,3055720,0.025736268609762192
1984021,2714938,0.06972951255738735
2322496,1400674,0.0000672980822856
2021256,504275,0.000001460851081
1984749,2970513,0.021232295781373978
1976289,1904926,0.008287872187793255
1362917,643665,0.0000233349001064
1009731,1027941,0.0000001910244833
101040,2288221,0.014386321417987347
50481,2027000,0.0000006034059084
2574517,2575563,0.0000001393340341
1971984,292620,0.0000028365830076
1009553,152194,0.0000287842858597
1615864,1470022,0.05916893109679222
1980915,774710,0.0126125393435359
1984206,2852911,0.005133410450071096
1969101,3057475,0.0030237447936087847
50481,91075,0.0000000151603263
1983096,433223,0.00000001506206
910447,1713701,0.0000001560084115
2021148,3111817,0.0000002043584431
656279,859811,0.0000013889354022
1620784,1454063,0.0078714769333601
808140,723651,0.14938823878765106
1627767,2664600,0.5341504812240601
920475,3055895,0.0000001307889193
908724,781686,0.0161436777561903
2624810,1783042,0.003606280079111457
1629880,3138955,0.06561648100614548
1463889,559888,0.5980020761489868
2019889,502170,0.09629977494478226
1628904,777907,0.0000005832750389
2826721,2653352,0.0000089462573669
1463834,2227618,0.0000046217446652
2019920,1686217,0.667722225189209
2034578,2839706,0.0000006414514928
912251,1196477,0.0000060541251514
2019327,1424194,0.7052651643753052
1620683,652897,0.0000361723723472
1628868,1712343,0.24640414118766785
1161653,276705,0.1424078643321991
1565347,3110813,0.0002982241858263
2473641,3041428,0.0007191807380877
1867957,2424521,0.0009457998094149
2676741,3054255,0.050946030765771866
404438,664933,0.0000000133440921
2037882,1918684,0.0000097849906524
1619138,1055311,0.010814501903951168
2034626,2082787,0.0000396824761992
2034994,2664980,0.0000019422902824
1363402,821193,0.01296963356435299
920777,615675,0.12302085757255554
2037557,469537,0.0000001864358694
706879,1011868,0.0000103680722532
303190,2854204,0.0000006604321925
2321965,87096,0.0000000631375059
1262163,768552,0.006150274270339651
2024551,523022,0.0000107536998257
2927784,1729222,0.23172658681869507
2624841,791196,0.408841997385025
922451,2749910,0.0000002487165887
1629437,2354668,0.003066428005695343
454325,2484018,0.0001734821853461
1620857,1576003,0.0000506168144057
1413842,425602,0.0000000625459862
1363034,440804,0.23397302627563477
1716742,1462770,0.000000298298005
2877789,2912107,0.0003893100656569
1312919,2107129,0.0000000049284075
2024523,2524255,0.0000006298044468
1983505,107191,0.005120272748172283
1979906,2475451,0.0000058137138694
920687,208765,0.0001304379256908
2523918,2739464,0.12023745477199554
2473643,807144,0.19422413408756256
1981027,2387331,0.10368895530700684
1262209,663544,0.003740113228559494
1716223,2790773,0.0000001018034581
1981313,1878980,0.0000001130320797
910453,1713702,0.05753469467163086
504812,1976452,0.30963507294654846
2019597,1846082,0.0000000064332735
1973443,1536737,0.0011643451289273798
1984234,165003,0.0003064448246732
922142,3080565,0.0003746768343262
1615616,659905,0.0001097602653317
454556,3109656,0.1903921663761139
2028797,498384,0.012397862039506435
2574830,2787386,0.0000029689776966
1630266,2622118,0.0000009805144146
921486,181041,0.010436011478304863
2034283,213167,0.10229415446519852
454333,234681,0.4767961800098419
1362933,643657,0.0001578064984642
355232,2526984,0.13897837698459625
1665837,169623,0.0000000463537155
1665860,1763287,0.5032941699028015
2625484,1162781,0.849824070930481
151656,111299,0.00577323604375124
1984672,1251461,0.0000000545169563
1060365,2921422,0.000061092323449
1060542,929679,0.007364219520241022
2726286,1424295,0.0000000110074776
2322932,255559,0.0000000285809012
1212392,2975080,0.34163281321525574
2676739,3054255,0.050946030765771866
404438,2240749,0.0002421604731353
1984391,1647347,0.0024931130465120077
1979739,1939480,0.0000036793721847
2172042,270648,0.0000002815206699
2676460,259030,0.0012926749186590314
2171128,153821,0.013910814188420773
2221562,1635798,0.003912499872967601
1009670,880741,0.0000304158802464
920338,1419249,0.0001782060717233
1984812,139259,0.0000000302490299
1628384,3102479,0.0000000331618928
1619162,759590,0.0541430227458477
2019170,2786747,0.13252659142017365
1615623,1043246,0.315551221370697
1984288,920374,0.0000001333628461
1630323,2933390,0.0000179813850991
1984393,3044051,0.26238009333610535
1984752,2970519,0.0006510883104056
1161823,1341801,0.07477753609418869
921276,2935267,0.0000010341009329
807776,2473264,0.0000296677044389
2039156,175264,0.0000261423119809
454326,544621,0.733197033405304
1630249,445933,0.0687815472483635
504772,461515,0.055701375007629395
1976462,3143214,0.0000005597382824
2170607,2594946,0.0000094359274954
2037572,3090732,0.0000000102425233
504811,1113966,0.0000003528415675
2574813,825122,0.0000135463478728
1630564,1451138,0.17585138976573944
1981226,460057,0.0002155851834686
454650,3139172,0.0000000760599264
922625,2233106,0.0000001104162024
1983651,1142513,0.006951240822672844
605734,2666589,0.3699263632297516
1817477,2060285,0.0000000455451321
2034378,197593,0.0000001111627626
921631,2731064,0.4918428063392639
1627551,955615,0.0000002569016999
1630189,3077886,0.0000295440604532
921626,410003,0.0000598035585426
2524360,2619205,0.002293472411110997
2776678,3077748,0.04164951667189598
920315,3091301,0.09393304586410522
1717052,345745,0.0000365227206203
1984773,702415,0.002509394660592079
1983530,3055545,0.00365650886669755
2624833,896726,0.0010159179801121354
1060233,778208,0.3252373933792114
2024502,1173298,0.008581580594182014
2322485,1315050,0.0000005634868785
1628384,625147,0.4681289494037628
1161257,2390331,0.0000071106542237
1629681,1063814,0.0000001235832059
922442,1152157,0.0000011656244396
922435,2631825,0.0005756398313679
1619242,2237677,0.0000009398790439
2035509,2471020,0.0000000026609441
1617907,2123354,0.0000043583227125
2024520,695837,0.012398631311953068
1983477,1849979,0.0000001491088852
1868085,3044125,0.0000000016059261
920777,2418283,0.0000172639483935
1060388,2934542,0.0004301662847865
1983241,1582383,0.0000000752129097
2170570,2629409,0.0000015741678681
1212230,1337346,0.0012390277115628123
908651,3022481,0.0001966349955183
1978737,1188649,0.0000001283976729
1980911,217973,0.0027732043527066708
1630257,2622098,0.0000000065641523
757727,1183098,0.0000029567004276
1665921,1682931,0.0000025901040317
1628379,1947612,0.2817200720310211
1867755,197938,0.0000000106998028
1629880,3090794,0.24890053272247314
2927806,1407647,0.06170204281806946
2035508,3071566,0.0000002822522447
1627336,2077780,0.0000000068979169
1010140,1411739,0.0003626355901361
2523955,502689,0.720009446144104
50555,2800300,0.277727335691452
1212229,722138,0.0000140801066664
1630576,943169,0.0002353291492909
2034232,1905884,0.0007995284395292
1980915,1872970,0.005457768216729164
1628411,2829272,0.0000000521483692
1982466,2515091,0.0021387520246207714
2034968,958399,0.6731940507888794
2927784,589983,0.000244307651883
1867790,2680967,0.0000000256813131
2020842,119539,0.00516526959836483
1312477,3078628,0.21623890101909637
1982495,1787439,0.0000157374288392
1060672,1404200,0.07641498744487762
2322483,367294,0.8646644949913025
1630575,3137694,0.41598325967788696
303176,1605517,0.0000000203141628
923303,724440,0.0002801203227136
2676460,2599855,0.0000000165513221
606139,1462735,0.028179354965686798
2034598,2034598,0.06444206088781357
1616664,508400,0.0000000179646378
908869,111269,0.006504302378743887
1621925,1468660,0.017708124592900276
1629785,161447,0.0000000137815155
1971105,313775,0.01473679207265377
1629762,1281964,0.07094166427850723
1629916,2454791,0.0000000031336818
921258,2383176,0.000000204155981
1984171,2466414,0.0002796911576297
1627330,2183423,0.0000039481774365
202188,1202763,0.1345302313566208
1984632,2366998,0.000390095228795
1867940,811604,0.0000074173121902
1978734,454543,0.0000007520148415
807686,301746,0.0000053489793572
2034978,3095824,0.10681048035621643
1616870,1457209,0.0000108356634883
454557,1392547,0.0000063206684899
2323185,1055451,0.3018081784248352
1161815,2812264,0.8036994338035583
1629888,146724,0.8833732604980469
2372582,398029,0.000335653370712
922142,91583,0.022926826030015945
1363048,2115164,0.0001043921292876
1629881,18104,0.03677754104137421
1984286,410779,0.0000211358219531
807686,1634399,0.0000067096912062
1616017,1240451,0.0000000209283915
2069616,896703,0.0000001097611388
2037849,2793885,0.0001748759241309
1982495,258161,0.0000382786456612
1111638,2381964,0.014218945987522602
454319,3091301,0.0000023456018425
912308,2259671,0.0003090176323894
355243,1619581,0.0000642724407953
920535,1957209,0.10061472654342651
1628401,3096627,0.014045026153326035
1980963,749894,0.00719500333070755
2039686,1239558,0.000000408974671
858739,563660,0.0000000000486451
1630562,845597,0.21257492899894714
2037596,128921,0.0000016014772655
1464291,1972509,0.0000000189524307
1983924,2770542,0.0000086813879534
1984286,1491671,0.0001047667828971
2034660,514894,0.0007902846555226
2034328,2533681,0.0000000568928336
1627337,1384169,0.0000101772766357
1628442,2808602,0.0000002661105043
2726267,2889591,0.013642397709190845
2725783,2061606,0.18993057310581207
1982466,2850523,0.0000000542554339
912344,2259671,0.0003090176323894
2069674,1559930,0.003030426800251007
1982418,724145,0.169428750872612
2039609,1615770,0.0000005438513426
1627891,3107548,0.0000006933538543
919649,1609282,0.04760051146149635
2034228,438718,0.4303044378757477
1565192,1497613,0.0000007547243399
2019153,2819230,0.2915583848953247
757731,2194162,0.0000000029296754
707066,1577570,0.0003648441925179
1976465,659878,0.0000059604344642
1463867,2994731,0.0000004142600289
1212240,881452,0.0000118493844639
1981227,1545205,0.03919367119669914
923632,361981,0.0000000640226574
1630601,981533,0.6932226419448853
923647,1688675,0.0002514742373023
1982419,919354,0.18098099529743195
2676310,1922325,0.16963860392570496
1629915,3119910,0.0001043399461196
2034323,1129715,0.04738753288984299
807988,2839745,0.0026702028699219227
1060545,72790,0.5106275081634521
2171115,13906,0.020684147253632545
920429,1906568,0.0009901496814564
1630263,2183406,0.0000037298275402
2927855,240003,0.02520793117582798
1565340,74073,0.0000000663086226
1615609,1560319,0.0000000066175523
2021148,2467515,0.0000679332224536
1161812,667330,0.0000001832131744
2034581,1489157,0.0000000022121913
1627454,1919070,0.0001375311112497
1617985,1862692,0.2273203432559967
1629880,2990661,0.0001333401887678
2524212,2468242,0.0000001377739949
2877920,2031090,0.005717990454286337
454793,2264686,0.000000163189938
2019944,2448193,0.1618719846010208
1628733,642291,0.001599030802026391
2776425,3070369,0.0003303078410681
303161,1776005,0.0002762865042314
2826736,2653351,0.15828180313110352
807898,256936,0.0000003478258463
2120243,3048555,0.0054971519857645035
1716820,3030848,0.0000000101138262
923185,1290466,0.018028372898697853
323,3106151,0.0000200049180421
2473464,2473464,0.023576488718390465
2624864,1818880,0.04474906995892525
2024521,2447677,0.6454815864562988
105,1874022,0.0000000154679842
757724,596004,0.0003202978114132
921356,345581,0.3457655906677246
2927873,240016,0.008348910138010979
1974954,1305257,0.05586045933341666
50529,3003072,0.000000013971035
2524173,1494387,0.003929320722818375
1628809,1376170,0.7373167276382446
1630564,410786,0.0000095362947832
1628404,1956291,0.0022468583192676306
2927856,3094448,0.0000004304558843
1362892,1451607,0.0000115667080536
50481,341648,0.0000019216221148
1463868,2505399,0.0000054458046179
1362891,3044441,0.000684707891196
2034626,1016322,0.19646942615509033
910497,1516990,0.0000000215993374
656626,2826226,0.0000000309226813
1463836,2227607,0.37850987911224365
1983409,3125270,0.005555080249905586
858422,817026,0.0000000925728187
1464293,2984416,0.61799156665802
151646,343657,0.0000000018363745
656584,238346,0.07701613008975983
101025,3123061,0.0000019233220883
1615987,707346,0.0000015267082745
1716517,444853,0.0000000146065302
1212225,239885,0.0000007699705407
1262163,2151975,0.0000032687148632
1629912,1277915,0.0000000152305937
355614,1213909,0.14044401049613953
1982509,2471761,0.0016367750940844417
555784,1659980,0.0008212514221668
2321955,3122457,0.0003070464881603
1009929,465850,0.026219993829727173
1973541,906759,0.0000025169533728
2523919,1590652,0.0000008120378538
1971753,2624509,0.0000000198275103
2035525,3096073,0.022403381764888763
1630668,2113977,0.0000035404593746
1628378,1224444,0.16804155707359314
2625382,2692073,0.000078042561654
1630579,1669438,0.674678385257721
1969107,2266598,0.0000000274887153
920338,1007513,0.2850223779678345
1630575,3118847,0.9228722453117371
2034995,3032298,0.0005139405839145
2978174,895809,0.13555356860160828
101484,791178,0.000014692230252
2039651,2089380,0.3364661633968353
1665917,2471441,0.010109440423548222
1984234,165000,0.058214981108903885
2034660,167780,0.0004187134618405
355852,1422905,0.0000114406548164
1463964,2067297,0.0000004224580721
707283,1031591,0.0000001877048135
605735,2447269,0.11461193114519119
2037991,2478081,0.08150749653577805
2069935,2510098,0.0000394293419959
454753,1278239,0.610417366027832
2033235,202720,0.0000038961197788
101063,131828,0.0000056458329709
454310,1720208,0.0004374802811071
2024522,2524253,0.33298295736312866
555414,3146107,0.009535420686006546
2034233,389513,0.0000000175750579
1969191,1116546,0.6667635440826416
2039686,2224140,0.0000000453308893
1630721,432538,0.0000012567563772
2524247,608768,0.01260303519666195
1969199,1116544,0.37207305431365967
913634,2993901,0.05358141288161278
1630121,3135379,0.10756336897611618
50481,2603643,0.0000038491762098
2034661,2499588,0.0000000204401438
1313216,2968784,0.000001167488108
2524373,12855,0.017550939694046974
2624830,2010363,0.0000000546665042
921667,3117577,0.4991510510444641
1312477,3046648,0.0007075057365
1616698,1893699,0.0000002116720879
1615629,444696,0.04927212744951248
922680,2090443,0.0002826767740771
505015,1076563,0.0000000007158298
1983701,1215109,0.0002952142676804
1984288,14601,0.0000003538684439
911524,2437429,0.0000041805874389
1565197,3124906,0.08855760842561722
303061,2360618,0.0000005560491445
1984810,3117756,0.9224313497543335
1628406,1947595,0.014504756778478622
505358,1624101,0.0000005515305475
2019146,2041533,0.0008027619915083
1362945,2721008,0.0000038223070078
1630575,2121596,0.0002714302390814
2826722,2684491,0.0000594890698267
1627763,2947582,0.3830950856208801
3,1903291,0.0000061798527895
1918517,1323263,0.007226049434393644
2523915,3064758,0.0034029188100248575
2034661,2383174,0.0000011634081147
2039581,1181880,0.0564330518245697
1918471,531611,0.24358484148979187
1817610,3082846,0.028765464201569557
2038997,2826376,0.00185631203930825
2035509,1225480,0.0000040530562728
2021983,1704408,0.0003225227410439
9,2286922,0.0000000116020544
1984396,1647329,0.07971913367509842
1413813,1200088,0.0044492860324680805
2033829,2512364,0.0000000006853922
2019595,899762,0.006745391059666872
1630607,1624075,0.003020079806447029
1111195,915298,0.0000000286065784
1981869,988096,0.016789808869361877
2039655,2970379,0.0000076846454249
2726333,1819635,0.0010014729341492057
1628450,395839,0.0009982085321099
1212241,1040070,0.10646896064281464
2039659,2548606,0.0000006406303328
807898,2586455,0.0000015092606418
916371,2183439,0.0002917149686255
2034264,3129622,0.6458922028541565
2271498,393457,0.000016357664208
920729,1582508,0.0000445287478215
2776654,2860766,0.0000002939939634
858522,1868204,0.0000151638978423
921422,276737,0.517660915851593
2726329,2864492,0.0000354230251105
1766697,75893,0.019534965977072716
2020635,367383,0.0000000365816675
912364,3033057,0.0000000031166529
920432,1906572,0.0000169943032233
2035383,2894335,0.0000106872575998
1867942,239950,0.00409826822578907
1983483,1468450,0.0000051746028475
1981027,2387343,0.13763810694217682
2039552,2977784,0.0000002195283173
2172038,1107084,0.0008313091238961
555253,1315495,0.0000002382460593
2034324,2890844,0.122735895216465
1980430,1980430,0.17419908940792084
2031133,2400980,0.0000027992498417
1980898,3058526,0.0000000080437941
920327,2673861,0.0000950856410782
504786,2869291,0.0000001186253016
1617922,2420049,0.000004258030458
1982509,2297974,0.0000000937230311
2877920,1540962,0.09423653036355972
2033585,1943527,0.011493543162941933
1981130,410024,0.0000000155574611
1628814,3066588,0.02633514814078808
2024521,2763750,0.0000001536098466
1629590,705921,0.0000010637063497
1212229,203219,0.0000211762799154
1618454,1762801,0.0000211497863347
151976,3117967,0.0000000066205712
922353,689859,0.06785354018211365
1618617,2694893,0.0000001681898709
2726339,3021488,0.0669049620628357
1984654,272020,0.0000006596885669
1565193,1794557,0.0000661661979393
1362892,1451609,0.0003036836569663
1628450,526105,0.7763687968254089
1009666,577812,0.13751333951950073
2877389,853786,0.37038734555244446
2039686,2371950,0.1727307140827179
1969108,2573470,0.0000517835578648
1984611,2636667,0.003601506818085909
1615610,1911704,0.34571564197540283
2034626,2200490,0.0000055216664805
2120248,2866064,0.0000466181263619
1981494,1681008,0.0000181948071258
960354,1119044,0.004362932872027159
1628405,980589,0.000001645188604
2676957,147457,0.0000132549557748
1628401,1224437,0.13650977611541748
1212393,2975070,0.39121872186660767
1262549,2524263,0.01937759667634964
2037945,2759640,0.0000057928691604
2039586,1985652,0.000001353429866
2039659,1481961,0.08484235405921936
1312477,2542044,0.0000926960710785
1628401,1060690,0.21092389523983002
2039686,2289228,0.0000011182487469
923188,3104570,0.007718653883785009
2524383,2915592,0.0000242568439717
922615,2415173,0.3861563801765442
1615839,2162611,0.0001714759710012
1628402,1645441,0.0000083457425717
2035524,2091010,0.000220811663894
2726425,3071620,0.0000001130826845
1716794,2215005,0.0000044897024054
1980886,1482529,0.0000044711086957
2625445,2217708,0.0000016769259901
2170681,2766464,0.0044340952299535275
606056,1755375,0.0000000210131113
1628881,2085090,0.0000000084535827
807777,1234898,0.006412170361727476
2037945,731783,0.000669059867505
2826742,286181,0.14526797831058502
151613,3091301,0.0000189608254004
1629648,203210,0.0000001493958592
1666122,2922859,0.0010024673538282514
1628377,2932344,0.0027314492035657167
2624824,441094,0.000024392047635
1212223,2148,0.0001115664781537
2020236,1614411,0.008573701605200768
2034324,1014220,0.0000151420135808
504813,1976448,0.006582200061529875
2625197,1005868,0.08219477534294128
1626819,2619212,0.0000003317352082
2776806,1639321,0.000000062071571
454514,2516143,0.01076567079871893
656243,1174004,0.009229153394699097
555693,723947,0.0000004100249384
2726292,12603,0.0001472008880228
1630273,1538306,0.0000807410469861
1976003,2622829,0.0000000073223663
1111195,1555723,0.364070862531662
1514841,2412994,0.06786982715129852
1984725,564072,0.0000004285783461
1982431,3031686,0.0000007919661016
1615480,3087928,0.000000121747064
1984673,1419079,0.0000554439538973
916265,2317261,0.0000033998132949
2927852,18346,0.19923965632915497
2035506,2294611,0.0000001230210103
2776425,424483,0.0000001375444754
1262150,3086985,0.008684098720550537
1413841,3072186,0.23749329149723053
1161815,2812259,0.00000054011673
657786,1813747,0.0000005997393941
2978509,134599,0.00000013615265
1981494,618610,0.12527139484882355
2035383,1232558,0.000008703092135
1982418,2731064,0.580390989780426
2030012,243272,0.0001067126795533
303190,985946,0.000000066531797
1212379,1625905,0.015869442373514175
1629784,619282,0.0000000304448022
2624827,3090564,0.0000409837521147
2120253,3074362,0.058653175830841064
1362902,3144769,0.0009566943626851
606027,2122677,0.0000021879625365
1630547,897849,0.04230832681059837
1060394,3100373,0.0035349163226783276
2024518,1427775,0.0000950660105445
1981843,2294125,0.008070887997746468
1312909,2202505,0.0006029141368344
921276,167779,0.0000130611633722
1983966,1946760,0.0000276537066384
1628798,1885481,0.000001985124527
2039404,379696,0.0000000056473484
50480,341634,0.002225710777565837
1627330,1426476,0.000005121650247
404709,3114192,0.0001920367358252
1629730,1647331,0.44616496562957764
555344,612255,0.3836595118045807
2574936,400661,0.0000000307273282
1616943,618036,0.0000269468655461
2221550,451821,0.0000000483125255
292,1003024,0.09132727980613708
1630601,1438038,0.0692911446094513
1161411,168701,0.0000007189866551
909137,455556,0.030095839872956276
858752,858752,0.03631473332643509
1627768,1883751,0.0000002383654447
908729,255020,0.2257472276687622
657786,2415230,0.0000026563627671
202222,2263746,0.000006387945632
1627453,1365037,0.0018353513441979885
1983530,2233106,0.0000002151069793
913188,2383174,0.0000011129891391
1212223,3056268,0.000004614820682
454650,2335558,0.0000000012369737
921275,2935267,0.000004195720976
1982222,1982222,0.04248115420341492
2039580,1181878,0.3827650249004364
2676929,968295,0.0000071828108048
2321961,1798835,0.10348314791917801
920530,2418309,0.6399805545806885
2039655,619431,0.0027329439762979746
2120814,934338,0.0000191032268049
2776663,75893,0.0000011980147292
1212226,1114353,0.0020509655587375164
1984716,2584879,0.0000000011382459
657866,414024,0.0000013780926338
1981840,2466636,0.8794699907302856
909709,2361056,0.05141345039010048
923780,2533350,0.0000000918442566
1630612,2121614,0.0000067235673669
923210,1128183,0.0000027121707262
2826736,3041250,0.0000044514581532
1628404,452825,0.0000006309087439
1463868,437319,0.0016575196059420705
1312477,2542036,0.143088236451149
2372451,1964936,0.0000048255210459
355803,723930,0.0000000393579249
2726232,1769543,0.000002697331638
920338,701968,0.0000030888784295
2069747,2838413,0.0000444887373305
504987,1141675,0.0000016598579577
1630257,379107,0.003861445700749755
2978480,134587,0.0000007802286177
921610,2349679,0.000053104799008
923660,2658205,0.0001150684183813
920475,218285,0.004296856466680765
2625123,855891,0.0000009397166991
1766720,410155,0.0000000092194652
913398,1347123,0.0000097906795418
1972434,3146250,0.18743939697742462
404711,2506555,0.0001567394356243
1565192,2117267,0.0000167653106473
2776425,424479,0.0000001056349817
1362890,2308965,0.0000045656061047
2170565,2697104,0.28439047932624817
2037806,3051922,0.0000000384512795
555782,3052241,0.012511991895735264
1975070,115932,0.018361639231443405
2473692,1495686,0.0000312287120323
2019170,3134938,0.0038369593676179647
1464293,791119,0.0000000141635805
1629730,1984403,0.0000107985642899
808148,3083914,0.7215758562088013
921026,1596510,0.0000603853586654
1628916,2700232,0.0000000074264914
1413821,2114341,0.0000003502024697
1630575,2267647,0.000009875775504
921610,2598391,0.0001553306356072
2034598,988216,0.0000024744310849
2372950,1398549,0.000835774699226
1627454,614920,0.0000031351437428
605992,1202168,0.0000059719482124
2726280,1794450,0.06514587998390198
1867940,1648635,0.013524709269404411
1630319,1427757,0.0013113802997395396
1627336,2948376,0.0000000196768628
1212379,3081660,0.006179584190249443
757436,3113127,0.0011880984529852867
1984287,1802492,0.0000019068399979
2033081,2970583,0.1588035523891449
1060242,2669163,0.7519789338111877
1628588,1628588,0.2067147195339203
201940,952874,0.10175804793834686
2019524,2315011,0.0000003077543056
920439,2239677,0.931081235408783
1464059,3069739,0.16691182553768158
1615870,2850350,0.0000000247224214
1630263,1627465,0.0000194907715922
1984817,3128807,0.0017814019229263067
1984801,702421,0.0004114422190469
2039556,1852214,0.12736931443214417
1312795,925552,0.0000019995125058
921667,1640305,0.0000000196916226
1630669,2985489,0.0000000002497166
1972511,284599,0.0009113313280977
1630601,2121614,0.0000344362997566
909706,971369,0.10592161864042282
1565437,826991,0.0013952525332570076
1984288,1071534,0.0000002178391441
1628404,2110025,0.0000025323661248
1565355,36348,0.0000017945881154
2034578,1547409,0.0000026927891668
2034968,637155,0.43464356660842896
2524246,2952949,0.0000013609831058
1010130,2471437,0.0000016134108591
1981589,284600,0.30086463689804077
2372446,2057108,0.0000000097425792
922436,2631825,0.12783871591091156
1665837,2186134,0.0000020245222458
303190,451095,0.0000195239899767
101439,3056777,0.03955680504441261
1984812,1392829,0.0000001383635322
1627471,614925,0.0000942193364608
2039640,1972483,0.0000619965867372
909706,1922001,0.0000002708264049
2037946,1136332,0.0000004053261193
454801,267214,0.000158491631737
1616885,1397289,0.009134660474956036
1984404,1420046,0.0000992037239484
1363338,968228,0.2658955454826355
1983701,569443,0.0000051925048865
923198,3104570,0.0019770192448049784
303190,2884673,0.0000172608579305
1629891,18296,0.0000000011209359
2120964,2175487,0.000148338789586
910453,1713692,0.013588239438831806
2676800,3054255,0.050946030765771866
2034859,290161,0.0064344024285674095
252416,361978,0.0011191762750968337
910498,2248009,0.01009276695549488
454801,267218,0.0000715894420864
2776653,437453,0.0000000045703006
1980898,1891708,0.000000007650323
1981017,2387324,0.0000489646190545
2524362,2472382,0.11464056372642517
1009549,2219897,0.0017480150563642383
1261981,687488,0.36457227915525436
2026153,664216,0.0000000008972826
1969547,3132049,0.2455914318561554
2221290,2715923,0.3697826638817787
1262077,2553720,0.0000015401155906
923294,3051949,0.0000562146160519
1716817,2846777,0.45980772376060486
454324,431933,0.003027599072083831
1627468,999209,0.07799718528985977
1565279,783733,0.0003982944763266
1627330,1839800,0.0000003532209121
656430,656430,0.11325673013925552
1984508,1297434,0.0000000085066123
1766949,2471437,0.0037832835223525763
1565278,1577566,0.0004360712482594
1969080,1918805,0.5703909993171692
1628886,2700213,0.0009828399633989
1629814,619204,0.08677934855222702
2034995,2457631,0.06908643245697021
2776805,568904,0.0000027705625598
912330,2191202,0.11946886777877808
1212162,2206633,0.43369513750076294
922157,3084229,0.35554710030555725
1980936,1501063,0.0001677528343862
920534,1723186,0.04872901737689972
303179,2349673,0.028959836810827255
922450,1636271,0.0000009585766065
1984798,1670825,0.0000058903519857
2037945,731790,0.000213624414755
1984396,1647343,0.0001793860428734
2726281,1794453,0.0000000248812171
1413590,637716,0.0000000236119249
3,1014530,0.1279994249343872
2524256,2007307,0.0000001335774726
1628449,613947,0.011966085061430931
2726295,845570,0.0005818900535814
605869,400068,0.0000005894862625
1630617,2689547,0.0000000252876031
1630241,445910,0.0003806293534581
2039609,2890164,0.0000089270888566
2035524,872304,0.0000006914702908
916531,2635379,0.0000083030754467
1615609,675682,0.0000000137591831
1630447,297019,0.0003496128774714
1261974,687488,0.07414364069700241
918198,972733,0.0000000084243226
1060289,1060290,0.48063650727272034
920808,34834,0.602159857749939
2034230,3129622,0.3377978205680847
1970155,1413863,0.0005322648212314
454305,2604795,0.0000001206264955
605975,3077779,0.005525970831513405
1628772,1553522,0.30746304988861084
2021148,1368954,0.0018960406305268407
1665841,692056,0.667449951171875
1630124,3135377,0.0000742446791264
1630563,624730,0.0000003277870917
1666119,1820208,0.0006390553317033
920735,1119018,0.0000000812454246
1463841,393216,0.025230538100004196
606136,265051,0.0036197688896209
923620,1223376,0.0000000759745191
1630575,2267648,0.0000197637309611
2120978,2175497,0.012036081403493881
1625931,374278,0.003288859501481056
50480,2603640,0.0000388525768358
454779,1545822,0.0000000257048249
1565276,787687,0.16566093266010284
2826722,2547713,0.036387331783771515
2776453,516746,0.0000001564913106
1616665,1530716,0.0000140779648063
1979784,1583043,0.0000001962680329
1984809,787698,0.0000328508576786
1627470,957699,0.0000000317437987
2034323,1175487,0.0024961326271295547
920315,2374864,0.08693933486938477
2028010,1776314,0.0000006430668691
2372883,1187101,0.8918557167053223
1312968,2008221,0.028087345883250237
2024523,384317,0.029682930558919907
1980019,2522791,0.11557087302207947
2039375,804153,0.0000000394150526
606140,1902924,0.10676821321249008
2037946,991537,0.10946418344974518
1628814,415920,0.0004938569036312
1627713,960569,0.07250888645648956
151829,175260,0.06433018296957016
923909,1986829,0.010989529080688953
2034229,3137408,0.0000000168537007
1627317,2183419,0.0648413747549057
1627332,3117991,0.0000001336109108
2035357,2377332,0.05302947759628296
2034675,241239,0.0571785531938076
1111620,2270002,0.0000000047697668
2039686,1142380,0.0000003138743239
1628412,2643527,0.0001063251838787
555580,1403941,0.0001574094349053
2676460,3041182,0.0000032296991321
2039668,2123354,0.0000081222142398
1628814,955617,0.0000590336821915
1627893,969341,0.0000000257648054
807906,1560228,0.0000000030198057
912365,2191202,0.2027343064546585
1867784,1377995,0.0000058496593738
2039640,2548601,0.08146525174379349
504985,2302082,0.06120990589261055
151594,351958,0.0002170496009057
1918561,75892,0.0000016743899778
1620472,562362,0.0000001402644187
1628808,1041109,0.0000298828326777
912231,1037732,0.0000021982978069
912365,104066,0.0000005695956702
2039157,417735,0.004967236891388893
1630439,2090463,0.031555477529764175
923645,75892,0.03469754755496979
2625070,2415136,0.0000002062252378
2676320,254780,0.0000000056460467
252599,1262557,0.0000015825207811
1362955,1529691,0.0000029223649562
555451,343465,0.0000000740662429
1514630,1924112,0.0000009722472214
2020634,367393,0.0000005365130846
1628772,999343,0.0000856815313455
1984809,3091303,0.0002350515278522
1628595,1804248,0.0000171238334588
2039165,768556,0.0000000972444099
2039686,3075667,0.0000079677329268
1627614,2004482,0.28780117630958557
2028812,25457,0.0000079779583757
2574535,1110039,0.17653913795948029
3,1903280,0.0000000071898483
2322907,2519350,0.0000002929457139
1565266,3041748,0.0000003434078053
2035522,52504,0.0000159721457749
1981133,3101674,0.0013780734734609723
2826954,1341429,0.74849534034729
757801,551765,0.0492045097053051
1627454,1365037,0.0000010128295571
2035506,469514,0.0000000346593865
1627547,498942,0.0000052796303862
1766949,1884255,0.0000000022904407
2039658,1481964,0.0011174818500876427
1630575,981534,0.12416402995586395
657853,1618289,0.0000012487150798
1817475,1954589,0.0000000201757349
2021718,76696,0.009575850330293179
1984671,2279386,0.0025171006564050913
2034676,1867912,0.005887353792786598
1984671,2500428,0.0001740948209772
2034365,2131665,0.0004818713350687
2037769,3051922,0.0000010318113937
1984046,3091303,0.0000018196274141
920777,1008743,0.15309037268161774
2039423,3119233,0.0002411402092548
1565268,2255271,0.02289641834795475
1464059,359389,0.8735100030899048
1984056,2269596,0.1229921355843544
454307,817101,0.012418372556567192
303058,1153885,0.0000005940327128
1867847,999436,0.0000001299894734
2035511,1434205,0.901668906211853
2574815,2787379,0.0000008339235933
1983531,271900,0.0000187783552974
1626767,286639,0.0000046597024266
555881,1695287,0.0000029682905733
1313200,287821,0.004442105069756508
1629731,1630747,0.0002472861669958
252599,1184041,0.0000006131312489
303190,2613042,0.0000012028916672
920729,759851,0.01583082042634487
1161411,790001,0.000000095669364
1979918,204290,0.000740761635825
1212227,2947045,0.012142198160290718
1617906,842632,0.0020022925455123186
2035511,2762960,0.0000000526495363
2826736,2547713,0.011707746423780918
1630607,1926831,0.0000845673857839
2928129,365459,0.0000002492670887
1817334,3060159,0.0000003588431241
1716235,2790773,0.0000117045437946
262,1294352,0.2603313624858856
1970577,83458,0.16503730416297913
807894,197962,0.0000113814876386
920387,301858,0.0000006484421533
201977,3044952,0.2941206395626068
920809,653816,0.13044439256191254
1629916,1697855,0.0000004808648555
404570,1224467,0.0000709533123882
1973542,511752,0.0004467234248295
1111215,3113928,0.02485072612762451
2221428,1444211,0.0000008989924254
2037798,3131717,0.0000049847799346
555726,1964837,0.0000018994347784
2524264,2601991,0.1075553223490715
1628588,1846827,0.0000001152621678
922142,2897098,0.10217893123626709
1514631,2297712,0.0000016292224245
252599,1269518,0.0006609467091039
807988,2121129,0.08747538179159164
1867886,892012,0.0017990322085097432
920387,1271833,0.7048530219345821
1982466,2484425,0.0000324333377648
1630263,2069106,0.0036452501080930233
2069856,2009541,0.000000327534849
921572,1751182,0.0000062476315179
2024523,2546815,0.000001498722451
1981094,2138129,0.0000070519859037
1972507,1503409,0.0000000301407965
1968947,1920252,0.000000001534125
2221451,1444211,0.0000008989924254
1918689,3088494,0.0000196368491743
921275,167781,0.0005691071273759
921571,730654,0.04499739781022072
1867946,1648623,0.16200140118598938
1980939,453772,0.011168601922690868
909271,1171307,0.0000132688437589
2827072,186694,0.0015743367839604616
101065,2900143,0.0000028604449653
2035506,1225479,0.0000005849920512
2034660,167777,0.0000168087517523
304204,1302587,0.05634089559316635
2372467,3045730,0.0000001127438196
1628401,2932350,0.0000157577815116
1629880,2482048,0.1273561716079712
1618076,221,0.06565285474061966
2030018,1692799,0.0000000434688943
2035507,862359,0.012428303249180317
2120253,2520432,0.0000000891133567
858672,1457189,0.18525119125843048
920386,1582447,0.1475941687822342
757345,78405,0.06949660181999207
920536,2276611,0.000000182598157
329,97718,0.0000005328000157
2776806,3107530,0.0000172116288013
2034660,2499589,0.00030845895526
2019170,2041515,0.0015345449792221189
1665835,1255556,0.0000002475068186
1629413,1305032,0.0903707966208458
1628406,913425,0.0000001515542181
1630576,3130433,0.03552472963929176
2032057,2329899,0.0002939194964711
920304,1463377,0.0000639606005279
2019331,3138828,0.21952302753925323
606043,1181027,0.0000463964424853
2120965,3038249,0.0027824784629046917
1983922,1939475,0.0000000335209904
2037555,3055393,0.0001317498245044
1617906,842642,0.0000350388472725
505046,2931023,0.0000002926903164
2676893,297004,0.0000181718332897
454755,1268611,0.0000000092151593
1060232,3118144,0.3414950370788574
1628875,2744616,0.0000351908820448
1976465,1296405,0.0000332928975695
1628459,395840,0.48211783170700073
1629880,2157139,0.0007341306190938
1972527,1956914,0.0000051647471082
355149,2017690,0.0011810542782768607
1628890,2854317,0.0000000171384098
355046,1880309,0.0000120639460874
1984040,2714942,0.0000007178135775
262,1294340,0.0003289682499599
1262564,1181877,0.0004922419320792
908899,1475499,0.028417084366083145
922451,1489158,0.000000013305768
2039575,2702552,0.001430024392902851
923211,1290466,0.018028372898697853
2020881,3099796,0.01924257166683674
303190,2160289,0.0000021425576051
2019525,3070740,0.0006039085565135
1565192,2746564,0.0000001458735852
100976,1471174,0.0000001099540583
1982496,3039897,0.0032676837872713804
757400,3113127,0.0011880984529852867
454766,1540155,0.0000000165255525
921258,167782,0.000000099180177
910903,1013038,0.14058507978916168
2524382,2915603,0.0000000530743627
1463889,3078947,0.0000166768204508
1009784,2697607,0.0000019576964405
858422,2678458,0.0000000041082635
2321964,87096,0.0000143147535709
920387,1035186,0.0000201552138606
2725891,1097818,0.0000039841597754
2024547,3079956,0.0000531102814421
807777,2775832,0.0007830022950657
504986,2082827,0.0000000215597495
1630340,75891,0.17420844733715057
920701,135298,0.0002487520396244
2025787,35327,0.0000001075875034
2524256,1857796,0.0000003561343362
921355,3030480,0.0000020183913421
1982052,1794241,0.0000090304693003
1628426,2808596,0.0001125682465499
2422969,1392543,0.0000104198998088
1464012,1529684,0.0010127830319106579
923172,1269496,0.002067223424091935
50526,3051949,0.10230130702257156
1767277,2583140,0.0000025362264751
1630266,3118970,0.0000256943276327
2034323,1129700,0.02324024774134159
923172,3104570,0.0019770192448049784
1867847,1931518,0.0000000110244827
1918676,2744296,0.03941439092159271
909535,1321521,0.0000073002292993
912600,644661,0.0002688837994356
1627108,2122092,0.0000588714028709
1867789,1119123,0.03316314518451691
1983088,3056762,0.0000000149800474
151874,1119043,0.006174687296152115
1980911,493368,0.6703896522521973
1625879,747374,0.0000948698725551
151776,1546766,0.0000087695025286
1629894,1518956,0.0017326404340565205
807767,2473264,0.0000296677044389
202189,3038203,0.0000771095728851
2034676,1096550,0.12516529858112335
1969108,3042326,0.019153589382767677
1630546,1926192,0.41565075516700745
2034301,213155,0.19811643660068512
303190,2834649,0.0000006913668926
1981392,2934238,0.02791602537035942
1969096,2763829,0.0000009729197927
152194,2872446,0.0000016623851025
2877323,362306,0.0000028881922844
1628459,690551,0.0000162362266565
1161295,1376166,0.05098279193043709
2037998,1706762,0.015527868643403053
1615639,295113,0.0000000182483468
1621968,481946,0.0000014101674424
1312910,3036075,0.0000355206502718
1615652,869434,0.0000008785637533
2034267,1324893,0.04443393647670746
1628459,395865,0.11518324166536331
2039400,379693,0.0000000071101276
921628,614341,0.15125788748264313
1980912,774709,0.0000012389480162
2322872,1490848,0.0000000891617944
1630600,1669436,0.01114820153452456
2039506,68132,0.0000174645756488
2030019,3097685,0.0000064143482632
605975,3041250,0.0000000317003277
2676320,2881473,0.001219439203850925
2034660,2670468,0.7580790519714355
2034264,2818213,0.0000188502854144
1982405,3136761,0.0000000209017799
2271813,585093,0.0000001227967061
51030,639763,0.0000503279879922
922625,1037732,0.0000002764336102
1971672,969401,0.0003983405185863
1627458,2592248,0.0000001468984578
2035524,3055202,0.0000330983384629
1665920,1888315,0.0000008960122386
2030018,2594672,0.0036896520759910345
921627,3068391,0.0000041987564146
2170536,2341429,0.000000140338102
1984385,2759322,0.0002178225113312
921673,1592069,0.0000003194923863
1971341,2465470,0.0000339453872584
1868085,2194130,0.000013475322703
923304,3079540,0.5209490060806274
1620687,2826933,0.0000000119328254
1981393,2934227,0.0000000383745054
1817332,663546,0.0001057779663824
920586,2082762,0.24565909802913666
2034265,438719,0.0003588921099436
1630097,3135377,0.0000742446791264
454334,1237149,0.13680049777030945
2021133,6,0.009929860010743141
2034626,444692,0.0000000008906906
1630564,2117440,0.0000098353439171
1627333,1601586,0.0000000060993104
1969102,618585,0.0000007924780903
1628814,3108902,0.0000508588964294
2039625,1476480,0.0000825995375635
1983100,677844,0.0000000316116129
2624834,896746,0.0000000052269438
555256,2294577,0.009059539996087551
2826721,2653360,0.45653435587882996
2473804,2774552,0.0000015998523395
1630563,1478055,0.014933471567928791
1767359,136383,0.0000072943203122
2776702,129324,0.0011288580717518926
2035126,850457,0.0000701912140357
2221550,147970,0.0000000032860379
1980912,1096040,0.0579059012234211
1618632,1207568,0.0000000070205659
858298,971258,0.000001019936235
2121107,1018208,0.016074860468506813
2523915,3072379,0.04486566409468651
2030018,2594691,0.10849741846323013
1620683,17801,0.0000252789905062
1975018,1107761,0.06240367144346237
1969085,2270381,0.0000021165562885
923172,2944716,0.0000019961141788
1060263,475296,0.2762620151042938
1767357,2306818,0.0000057681370436
1665947,3045223,0.0000000003852032
606061,2704650,0.0000001634615927
1464061,378226,0.0000000000865494
2019287,441135,0.0000000126532838
2037787,1163281,0.0000000022918938
908838,1179897,0.06561026722192764
1362945,2061607,0.024326158687472343
1615610,1043235,0.5918070077896118
2039686,2857048,0.0000000235624498
1983483,2471428,0.0000622001098236
2372422,954910,0.0000000464717225
1618081,3056188,0.0000000067519057
921610,1741055,0.580775797367096
1628901,2507417,0.010900186374783516
605734,2447269,0.44948720932006836
1627335,1522148,0.00754760205745697
2037991,2591021,0.006016685627400875
1616013,1263430,0.0021429897751659155
1627460,2592251,0.0007098822970875
908729,3010654,0.0001789719681256
1212246,623950,0.0010095349280163646
2039556,3109773,0.0001146431532106
2927808,97548,0.2994733452796936
404803,2371565,0.0000001109562646
1630575,1624082,0.5490206480026245
1628595,242007,0.0000000545535066
2726160,1403939,0.18726062774658203
2020637,1960435,0.32876139879226685
913592,2075558,0.0000007205083534
1262548,1181877,0.8047177791595459
2028796,2681222,0.0000037067281937
1009666,577788,0.02700701728463173
2625509,3118854,0.0010957805206999183
2033086,993026,0.0001728897768771
1981101,2915347,0.0000000121026513
2271480,3143635,0.007933344691991806
454705,1758897,0.0000008296175906
606041,1416518,0.2232036590576172
2025706,2011017,0.5415823459625244
807640,565189,0.0010160324163734913
1630607,981533,0.0007773434044793
2120252,1649251,0.6737849116325378
1973248,521670,0.0000006729154052
1464059,1409204,0.0000094381666713
1620356,214861,0.0000003589252913
1971960,2419401,0.16215002536773682
1981509,3030386,0.010402067564427853
2034664,2670469,0.04679258540272713
1980913,1501063,0.637529730796814
2170957,2344186,0.019565096125006676
303178,523392,0.0000012486797232
1979999,1895213,0.0000002089709596
2524172,2856967,0.0001476808247389
2035512,1434205,0.0011966223828494549
1980887,1750492,0.07573588192462921
1212125,3047021,0.0001409738906659
2322933,1323199,0.199990913271904
1981809,176386,0.05388261750340462
2035509,469496,0.028829913586378098
1628401,2644872,0.009492054581642151
404774,273340,0.0004412464913912
2271827,1215328,0.1219913512468338
2039686,214875,0.0000001727076722
1665919,1112650,0.0000000130070168
2827024,1002652,0.0000009398276006
1973227,365675,0.0000364230654668
2877830,855876,0.0000002475692327
2473420,1036153,0.0000000099421822
1982403,415283,0.0001260366407223
1984810,2656254,0.007153196260333061
101357,635987,0.23002009093761444
2322383,1785806,0.0000008288959634
2726302,2255652,0.05568539723753929
1984038,2714940,0.6660534143447876
1615871,233736,0.0000031563440643
1630563,897843,0.0007385580684058
920475,1309218,0.0000000245874574
1629880,2990687,0.3078436255455017
2039686,2923578,0.0000781082344474
101063,1051914,0.0000000583565907
2322907,1431170,0.000003434047585
1984288,920387,0.0000018076111701
656294,153881,0.000000988888587
1464062,394383,0.16924385726451874
606068,115932,0.0000000000063893
1010122,1873183,0.0000001001662042
2034660,1475496,0.001078091561794281
1111209,2219958,0.0014181793667376041
1981392,2934227,0.07323388755321503
1665921,982509,0.0000000938263156
858502,2485632,0.0000000023493019
2826724,351958,0.2973850965499878
1616698,2864568,0.000000022640716
920332,1323263,0.1662641167640686
1977717,1753634,0.4595751464366913
1983926,3044463,0.0004731540102512
920475,2451117,0.0000633519521216
1984744,2815270,0.0000005523255027
303190,167919,0.0000224457962759
920807,985941,0.0000200014601432
1616872,420769,0.0000097716238088
1630576,1926843,0.004072909243404865
2034278,519907,0.0002265369403176
555790,2643526,0.0669945627450943
1161082,3106648,0.0000005572185273
923775,1605376,0.0000000103705071
1973129,1851872,0.026602577418088913
2031130,782564,0.0000000290110087
1161173,1635681,0.028358038514852524
1615852,1704811,0.0000000139704408
921611,614325,0.23960551619529724
1867942,867396,0.0264139287173748
1060247,2661035,0.39537566900253296
1970626,1451689,0.20985493063926697
2473460,145200,0.00562320975586772
1867940,2176268,0.0000074542326729
1413806,121885,0.0000000005312366
1212378,2676460,0.0000095633513411
920486,888871,0.003350692568346858
1867940,3078680,0.004075486678630114
1665919,608768,0.0000000213611475
1976289,1816060,0.08454562723636627
1983409,1791217,0.0000550670229131
2877388,853776,0.42660632729530334
1060248,1606176,0.033039361238479614
2034674,1882645,0.07182865589857101
2034660,3034147,0.0000349201072822
1630576,1624082,0.000198786117835
1981130,845989,0.012375961989164352
1665919,1682932,0.0000172835043486
2019506,2366898,0.0000000145914676
1716517,2156329,0.0000000072544939
1262070,3104636,0.02527979202568531
2037583,469541,0.0000000062097656
923647,2684490,0.000570860109292
202203,2314576,0.0015328695299103856
2574535,1702894,0.0000000724209741
2725783,1615768,0.04523167014122009
2034976,1122700,0.0000000479995315
2726336,3078418,0.0005223379121162
1628404,330661,0.0005151875084266
1616878,1174134,0.0000367666107195
2321982,2450602,0.0000726566286176
404785,2890163,0.0000000705468963
2726188,884919,0.0000598202132096
1212231,2744258,0.0000191253711819
151614,451882,0.20318517088890076
1767256,802782,0.0000751834377297
1261933,1101738,0.0004164941783529
1628410,2547712,0.0000060100551309
2034978,3107629,0.22789503633975983
2170565,2048629,0.00310124852694571
657775,2744056,0.26134732365608215
1627332,1839800,0.0000000486934724
1817476,696535,0.0000021284822651
921329,2405836,0.615268886089325
2039004,2826389,0.0000013999774637
2039404,1725920,0.0000002365748486
1630603,1669433,0.0002941251732409
2035525,1125881,0.0000000060675274
355242,2526984,0.03486570343375206
1627903,2926221,0.0038802509661763906
2676797,3054255,0.050946030765771866
202211,917047,0.0000000040559303
50481,2740971,0.0000149286106534
1980911,241265,0.0017451633466407657
151782,1546761,0.0000029587627068
1976463,2224128,0.6679415106773376
1565270,697379,0.0001259702985408
504820,925562,0.0000010377893886
1716920,1624077,0.0000747051162762
606146,2920248,0.028660306707024574
605757,1404631,0.0000463580763608
2039686,1296405,0.0000038940811464
2019524,903060,0.0000004681238295
303045,44489,0.0000092402451628
1980912,115300,0.000000519488367
2037568,3064539,0.10064984858036041
922400,922532,0.0015383579302579165
355614,2633554,0.0000002018163343
1969990,993082,0.003854967886582017
303190,2447277,0.0000000411757632
2877920,1061227,0.08782767504453659
2776822,20361,0.000000583837334
2034983,2664964,0.010225947014987469
2677355,1882622,0.10935138165950775
908882,1725913,0.0000142166190926
1565336,1099621,0.19169321656227112
915365,2683090,0.000000049540148
2039229,1412249,0.0007939963252284
1565459,3076758,0.0009889688808471
912165,801540,0.0000699608863215
921276,2383174,0.0000000431881304
1970242,2720487,0.000000029150117
1629633,1213926,0.027792200446128845
1983476,538047,0.000000014118493
2039664,2811129,0.0000062880490077
1413852,838203,0.7467851638793945
1615609,1753629,0.0000679142322042
1618018,150014,0.0000000159286362
2372950,1398556,0.20169317722320557
920386,1035170,0.0000004470382464
2033356,402043,0.000054754964367
1983505,2233106,0.0000002119350171
2473643,3141697,0.4633762538433075
2676932,688109,0.0000002648243935
1980015,757730,0.008233270607888699
1980913,3114064,0.000000051260109
355231,1863719,0.039017897099256516
2170606,696976,0.0000169715476659
1628798,2666825,0.0000004239357736
101477,1305033,0.0000000063297891
101065,2714920,0.0000008021744407
1984408,1420058,0.000266429327894
1312908,332064,0.18603308498859406
1514623,3145702,0.0000014909122683
2826722,1688667,0.0010631763143464923
2034310,1620522,0.0001185970759252
504823,410022,0.0014573673252016306
912330,1209411,0.0000000305461896
1628915,3086259,0.12174572795629501
2035525,558870,0.0000000164201417
1981841,83882,0.025632625445723534
3,430913,0.0000000192037
1363057,1788842,0.0000001851795162
2037992,796943,0.0000006764660725
923713,1649233,0.0000150724163177
1628401,1662128,0.03055654466152191
1060521,2548344,0.0000000132057369
1628379,1311461,0.3871544301509857
1565247,1577565,0.004678260535001755
1978798,1411738,0.0000090834410003
1111381,1796373,0.2223433405160904
1212393,1753629,0.000014791779904
2034660,2935265,0.0000000120858958
1312794,2591455,0.0001231922360603
6,2276597,0.0000036684700717
2423112,1936425,0.0000052048535508
2271859,2225956,0.0000025097428988
1514631,2563341,0.0000023485786187
404200,3131883,0.0001263047597604
2726302,1424282,0.0000113754449558
303064,1119704,0.023916320875287056
2877321,1105061,0.011081106029450893
1616866,1174142,0.0000099184626379
2676879,2681658,0.0000003246009896
2037885,2673879,0.000001699956556
921610,2323359,0.0000643843959551
2033737,2481562,0.29511770606040955
1982405,1688674,0.0000013584536873
355232,2526983,0.0000125214683067
1628808,41396,0.0004860299522988
922615,1498407,0.0000023481359221
908734,701948,0.0009502611937933
1984748,564072,0.570379726588726
1627317,2910941,0.19685573875904083
921611,2323357,0.0000005506340131
2037773,2736727,0.0000039462724999
1362890,3048983,0.000010623795788
1463867,2168958,0.000062379949668
1716517,1210527,0.0000029556476875
1630246,2582654,0.0000065469280344
757723,2706275,0.046573881059885025
2019190,952255,0.0000167434827745
922805,199020,0.0001129273805418
1617908,2781405,0.0000000000556675
1982426,2774538,0.08092296123504639
1983924,2993905,0.0001278855779674
2776425,2576370,0.0000000935454452
1212378,425754,0.42399051785469055
807768,2775832,0.0007830022950657
1984393,1647331,0.1018313467502594
2035456,2142840,0.013932405970990658
2776903,1287905,0.0000002026089305
2039652,467536,0.02294575236737728
1565279,1108083,0.0000019358496957
2624850,1818871,0.0001827909436543
1212224,239854,0.0000000565982923
921571,3136351,0.07635597139596939
1984672,2975703,0.005571779794991016
2037958,1022056,0.006901868153363466
1980901,3090598,0.0000967750675045
2474031,64618,0.0000001218071759
2372581,2385504,0.0000000714098078
2024516,695835,0.0022725057788193226
1627330,2948373,0.000000069683999
1413819,2184643,0.0000000050622808
1615850,3096066,0.0001617035741219
2120249,2981794,0.0000881451342138
2037813,1266094,0.0000001768212599
923850,3109845,0.0000003530729202
1984753,2056277,0.0000021706575808
1627551,2653360,0.01665482297539711
2037849,1266094,0.0002383030805504
1982406,2662045,0.0000027014148145
1629930,613889,0.0000021675318749
2034674,644360,0.08847112953662872
1623809,2429466,0.0000071841245699
912382,2399926,0.003943991847336292
2039686,3070386,0.16337299346923828
1969080,32272,0.016334980726242065
1630563,1002073,0.06174801290035248
2625483,1162783,0.11051442474126816
404846,1027522,0.0000012048543567
355225,2596392,0.0000003728539753
2037568,3037839,0.27784717082977295
921710,793680,0.5826131774662286
923205,2133532,0.0000029952495879
1973602,125639,0.05401104688644409
2524398,1858506,0.0000008090941037
2322243,2814602,0.0000017894903976
2776688,3144493,0.0007749107317068
555414,897840,0.0000462662646896
1464060,293742,0.0000000384407777
1984817,1882770,0.32185065746307373
2726161,1133358,0.18502984941005707
1973227,1966417,0.000000094344351
605731,2447254,0.0008946488378569
807686,2952947,0.0000006271059192
2037847,3104192,0.0000000815920558
923854,346382,0.22853714227676392
1984288,1753985,0.0000027576577395
1628814,1376172,0.0000009737905202
2524246,1634394,0.000008090081792
404438,1487338,0.08210041373968124
1984222,123466,0.0000000408119512
1629914,2454790,0.00000330907028
1630266,651107,0.0001956157066161
2037557,128915,0.0000701059179846
1817607,1231487,0.0000001246338712
2034660,2935267,0.0000022168801479
2035511,1434207,0.0000111929648483
920700,135295,0.0000281325719698
1972739,2967507,0.0000000043034634
1628891,637132,0.7332568168640137
920389,1582451,0.3931156098842621
1984508,1420661,0.0000000054963083
923304,2984675,0.0000649715511827
1627468,1365036,0.000725417456124
50480,3040293,0.004177538212388754
920389,1055451,0.0015975666465237737
1629932,2865236,0.0000005364780122
1362889,2308967,0.032941628247499466
1984288,2549482,0.0000000134537013
2927784,2708826,0.0007208616589196
1983530,1165678,0.00528766680508852
2034626,2200463,0.0000028122467484
1111210,3086985,0.08302069455385208
1971188,3118420,0.0000002739866716
1627900,667327,0.012054705061018467
504810,1888003,0.0000002589117685
2826949,3096399,0.0000068048348112
1630503,1931493,0.00017183185264
807910,1903530,0.000000054837642
913420,92575,0.0000000536575335
1627317,1522154,0.004119785502552986
2827074,1952057,0.004050123505294323
303067,2360627,0.0000035066393593
1767235,3087140,0.000554462778382
2827379,1857724,0.0000076097617239
1766949,2823328,0.0000333999778377
1868085,2194129,0.0000046111686061
960357,488212,0.0000012815373793
1627317,470308,0.03324192389845848
2221560,1285561,0.01697639375925064
2039650,2970373,0.0000377074684366
606041,295867,0.10584985464811325
920777,3094281,0.08804910629987717
2271480,2279010,0.0011416764464229345
1665838,2965903,0.0013993177562952042
807891,351846,0.0042129443027079105
1111391,1076095,0.0003083109331783
2221290,2207245,0.0005383724928834
921631,410002,0.0000797199172666
1918504,2876041,0.0000000055789524
1627471,2593291,0.000015079493096
1981313,1958180,0.0000010954256595
1716819,2846774,0.0000000001169783
910963,2340380,0.0000036598014503
913397,1347122,0.11767592281103134
1464060,511334,0.006274366285651922
1984290,3071055,0.0031982222571969032
1984671,544621,0.19524334371089935
454335,2275935,0.3018263578414917
1463965,1422268,0.13241244852542877
1616872,420760,0.000053011925047
201979,1964599,0.0000001090767441
920664,135278,0.0000007579760677
1627317,1117942,0.0000553304853383
1981027,2387322,0.7570552825927734
920331,410146,0.0000066393808993
1717052,2949851,0.08927111327648163
2422903,194474,0.08344053477048874
2473438,2618425,0.0000003546415144
2221561,1195574,0.13634665310382843
2120980,2116093,0.0000006397191896
2035515,906765,0.0000007861207223
1628809,3071755,0.2776409685611725
151594,351961,0.04774799942970276
2172089,3138506,0.7468953132629395
1362912,2770029,0.0000015287185988
292,97718,0.7042902112007141
2038003,664216,0.0000046817799557
1413819,699778,0.0000037935237742
151974,2093389,0.0000000044636153
1984288,2283538,0.000001347527359
1628919,2430256,0.04505535587668419
922450,1152148,0.0000000593427067
2034323,1129720,0.01493439357727766
2524246,2227579,0.0000006261262229
2034625,2350142,0.0000000155342335
1867899,2722955,0.0000002195905608
1979951,1964421,0.0001187671005027
252726,658301,0.0000885047920747
1615612,845399,0.043792128562927246
1630606,1669438,0.5102350115776062
2038120,2927518,0.0007399926544167
2026460,1546658,0.0000010007950095
1464298,488919,0.0000000340396333
2037850,1266094,0.0000000454968863
2034621,2351970,0.0000000001600967
1980888,1992665,0.0000040957274905
2034660,1872970,0.34618905186653137
1413669,1978182,0.0000033024018649
2037885,1411735,0.0000000293927034
922619,1498407,0.030435685068368912
1627317,986464,0.005547179840505123
2039550,1565245,0.0000000177893646
1980966,2347592,0.0002207822544733
555261,1125076,0.0000003833465314
303179,1548571,0.002139137824997306
2019946,2374654,0.3634030520915985
555790,600006,0.0000015063612864
1464060,1150366,0.0000001473888176
923634,581074,0.0000000279604926
808148,723650,0.007773851044476032
404803,2681224,0.0000000452074858
1969192,1116553,0.19413867592811584
1362904,3044441,0.09223704040050507
1630247,1422154,0.0000822874426376
908897,493369,0.1810966432094574
2624824,896745,0.0034065628424286842
1010128,2039919,0.005225800909101963
2030018,792119,0.6628211140632629
1161656,276712,0.0000001357172863
504811,3103117,0.0000068918948273
1629935,2954149,0.0000000220536709
2574815,2787374,0.0000436596892541
2033586,533913,0.1643599569797516
2035506,2762969,0.000003452455303
1212379,1625902,0.9324605464935303
2039398,1118784,0.0000000094181267
1984288,2528997,0.000000491367075
922436,2631827,0.43751415610313416
303062,1119704,0.05047299340367317
504987,3137734,0.000226627671509
1009766,2497770,0.002590285846963525
1463889,559867,0.15454156696796417
152163,3036508,0.0000976476512733
1918463,3123262,0.0000005873745295
1972341,2141680,0.019195398315787315
1009670,3030607,0.2118176966905594
1980886,1830145,0.000000025164951
921610,614342,0.003243609331548214
923633,1681849,0.0001570270978846
920777,52275,0.0000450404804724
454304,415282,0.0000000135629676
1312794,1924179,0.0000013949289723
923184,1128183,0.0000298573322652
505357,1862689,0.023050295189023018
656253,3145229,0.0000119617034215
1628397,217265,0.0000000183910362
1060258,475295,0.000004653069027
2021949,617751,0.0000002838952753
1565247,2160294,0.0007432490237989
1716568,2867533,0.0000001089723014
2039686,1859933,0.0000003743936929
2019165,952255,0.0002224877243862
1628402,1849416,0.0000000571890766
5,5,0.000977115589194
555693,1964841,0.0000000105603641
454315,1545361,0.000000003996226
1982509,3039897,0.001209657872095704
2271858,1019648,0.0000040071831791
1616887,420760,0.000053011925047
1628460,526073,0.002575838705524802
1969388,121218,0.0000430809741374
1060528,2356151,0.0000002422234786
1464068,1923594,0.00243428279645741
1984322,276399,0.6514483690261841
201972,856799,0.0000045508259063
355837,808609,0.0000041244452404
1628592,3125729,0.07829218357801437
303191,1967105,0.0000013663561731
1615866,1455647,0.0000719431554899
2037810,3104192,0.0000000815920558
2039647,2089376,0.0000001453724678
1984804,307437,0.000001368140488
920374,2756549,0.0000079802475739
1817609,1325295,0.00439322367310524
2034227,2684398,0.0000005076748266
2019524,1529664,0.000000582445125
1971188,935281,0.0000000642406448
1716528,2045472,0.2669432461261749
50480,2603638,0.007134670857340097
1630603,1669422,0.7449820637702942
2038997,2826377,0.01283481065183878
2034863,2972216,0.0000000161670481
1976465,2371952,0.1553899347782135
1212227,1114391,0.03532453998923302
1969090,1244420,0.6591321229934692
404438,449628,0.15646840631961823
2423100,3052164,0.0007696966058575
2625305,2829272,0.1540820300579071
2473902,1676731,0.0000002445014218
1969077,3124715,0.0000001755441872
2776780,3071989,0.0000048491301641
921508,1751194,0.0000000012766639
1630563,3137553,0.0002659649180714
1262549,3037887,0.392823725938797
2423112,1675514,0.0000021319069674
1212211,925883,0.0000000497161032
757728,1026968,0.000003961312359
1212222,643974,0.0016468819230794907
50481,2027014,0.004622609354555607
105,3125077,0.0000176982812263
606139,3121114,0.012904292903840542
1629730,1420040,0.0000069084303504
1463888,1613172,0.0000001119898414
1628920,1737108,0.002555092331022024
1312472,1596513,0.0000026089176117
2676460,575509,0.0000001926672866
1981494,1681004,0.14545439183712006
2624840,180891,0.000135802270961
1212222,3066874,0.017367981374263763
1973542,2751411,0.0000189614020201
1983923,2993913,0.017673959955573082
921412,276741,0.08719679713249207
923716,2415235,0.05280810967087746
2726031,3062807,0.0000000850984705
1312404,2706450,0.0000061229989115
101059,2264881,0.0000002383153657
2035521,918036,0.0000924702762859
2322933,2362682,0.001457827864214778
1010124,956033,0.000014327793906
1867839,2457336,0.14626070857048035
1629798,619248,0.0000006196328286
1980913,1660031,0.0000063362749643
2625298,420802,0.0000714222042006
454319,2859872,0.0952213704586029
1628450,291631,0.4611511826515198
2039650,1771780,0.0000002579775753
1630576,3118846,0.004552473314106464
1817595,1231466,0.0031724749132990837
2039652,2548602,0.039665691554546356
2034676,563591,0.5561875104904175
2676742,3054255,0.050946030765771866
920297,3125398,0.0000000129076021
1617906,2547771,0.0000197829922399
1630575,981535,0.3356900215148926
2021789,2953074,0.0000110572145786
1981841,3059502,0.4179874360561371
1980912,510675,0.0000000318947286
1615610,3086030,0.014502990059554577
555873,2838650,0.0000031532692901
909782,357816,0.0000118092229968
1629732,771443,0.5042560696601868
2037945,183637,0.0031054613646119833
252590,1184041,0.0000081220323409
923199,2133555,0.0000070954738476
1976288,2436295,0.09387657791376114
2033148,2477809,0.000001095922471
1627445,1627445,0.012955037876963615
1867941,606456,0.0000020391576072
1984811,1014200,0.0003024454053957
2039574,1181881,0.4057995676994324
2776346,3064177,0.002313479781150818
454316,2946876,0.0000002080855239
858510,2265236,0.0036109343636780977
922385,922509,0.0000638399724266
252423,351669,0.0000016632678808
757729,2142413,0.0000001164275858
606147,1126502,0.0000273834230029
2019142,895808,0.0000469621409138
1111209,421891,0.0000000313048147
1978799,2476021,0.0006249312427826
2039666,175661,0.0000002256713856
101065,2814559,0.0000085276724349
1211492,655087,0.0000951913971221
1413845,2635466,0.008607463911175728
2474030,64617,0.0000950232570176
2676905,688109,0.0000002648243935
921627,2176176,0.0000011678090459
1766698,75894,0.016526443883776665
1619152,709041,0.020978638902306557
757701,1318824,0.7443850636482239
355612,2918361,0.05510435253381729
1971292,637708,0.4691852927207947
257,249,0.8974345922470093
2524254,2007308,0.09281397610902786
404688,2819569,0.0000532480771653
2034863,3084181,0.0000099834787761
2676320,1804268,0.0000001266160297
50865,1147396,0.26401835680007935
1464293,3058942,0.0000017361165874
2676908,1154994,0.0001169725510408
1628809,1376172,0.47639554738998413
2024522,1427768,0.09850626438856125
1817590,208249,0.0000067049982135
908729,3064537,0.00792879518121481
252726,658342,0.040220122784376144
2028795,3083181,0.0008189586224034
1628405,2348557,0.5262182354927063
2034622,625084,0.0000000000014961
1980139,201245,0.5965865850448608
404803,2494041,0.0000011745831898
2372577,1960817,0.0000020212639811
1766696,75897,0.014514281414449215
2039181,2644926,0.0000000047271032
1980887,1777356,0.0795878991484642
2271824,1404675,0.0000787805911386
2034365,1699608,0.31325432658195496
858422,2484257,0.0000003228782646
2026254,2045765,0.0010735912946984172
1980901,897227,0.2369404435157776
1628379,3068675,0.13499446213245392
1630204,1488241,0.0000000177154398
1628410,1514899,0.0000861967346282
1969332,3103151,0.0000000709540871
2221288,2153043,0.0000000557812854
2120769,2822880,0.0002650480892044
1565193,1548676,0.02409471943974495
1867942,2055809,0.0000611722061876
1628441,3125060,0.0001643200375838
2574813,778213,0.00512159476056695
1312910,3053809,0.06151052191853523
2039658,1481971,0.015500697307288647
2776452,1728364,0.0000202695991902
807914,2889122,0.30464550852775574
2020842,1106684,0.006641821004450321
2034227,1324889,0.0000001404578001
1615661,1196071,0.0000012855059595
1628798,563622,0.0000000002077408
1630576,3137694,0.0000312310767185
2037873,1176331,0.0000000308716643
1362893,3044441,0.0001695545506664
2019889,1686217,0.667722225189209
404821,2658196,0.0000004796476674
1009666,1208863,0.0002314207667951
2033235,2947282,0.03362041339278221
304285,1559074,0.0000001226434705
2574568,3054208,0.11494117975234985
2034661,774709,0.0000002165896973
2877727,143793,0.0000000479667293
1969107,3036972,0.0000081684293036
2120778,202235,0.01142832636833191
1463966,528036,0.0000073493397394
2037871,967234,0.000000001248345
1980019,834375,0.0001107321295422
858734,437804,0.0000000079244602
2021882,1485036,0.19699546694755554
2019146,3134938,0.0038369593676179647
923775,3081183,0.0000000842938874
1867942,2828604,0.0065621077083051205
1978787,2457935,0.0000000944702663
2037864,1176315,0.0000003770825572
2039603,2771824,0.0000056020712691
101063,813958,0.0000703040277585
2271497,2471431,0.0000121858447528
1983651,795758,0.0000054874644775
1615868,2834057,0.0000000147448249
1161298,415924,0.0000034324064018
1629590,2631825,0.0000003014702088
1212219,2239263,0.0000072658799581
2069674,1559909,0.0000034373065319
1630447,297014,0.7594060301780701
920337,363760,0.0005544266314246
920253,1417353,0.09228047728538513
757729,1183124,0.0000023714651434
1616083,1209273,0.9496636986732483
2120253,428601,0.2544383704662323
1627893,3040614,0.0000000105551363
2171024,979221,0.0000035308260067
404785,2061607,0.0000011337590422
2776780,537692,0.0000331583796651
2877389,853768,0.598258376121521
1627892,587796,0.0000005391414675
201945,3040480,0.5857688188552856
1628903,1913993,0.07622244209051132
706881,1496065,0.0022368317004293203
1615609,1043243,0.13469338417053223
2037946,2808464,0.01014690101146698
1984809,2374845,0.00826758798211813
915194,1021008,0.12369383871555328
1984053,71920,0.000017342308638
1060233,1368674,0.44768792390823364
1981812,1251941,0.0000000151758055
1630249,3073054,0.11821229010820389
1312477,2570966,0.039895690977573395
2676879,1575095,0.0000020580005184
151982,204289,0.0000000008171477
101483,1634396,0.0000201156908588
2322331,2239264,0.0003118274908047
1974954,243555,0.1265239119529724
2025788,2320163,0.39402294158935547
922450,412294,0.16779311001300812
2031592,2970417,0.0000006463959608
454329,2659299,0.0000126962549984
1312793,2451112,0.8620401620864868
2039189,1271904,0.0000000204309565
2039402,955131,0.000000120468755
1665917,2466414,0.09064611047506332
1621886,1239134,0.0001846345985541
918376,1489582,0.0015703566605225205
1262549,2286807,0.000019015316866
2039556,3051611,0.2968340218067169
920302,1014169,0.0000991491833702
908885,533065,0.5156756639480591
2037910,2308985,0.0000228123044508
2039168,2046629,0.0000000561184699
1628901,2044749,0.0000013773186538
1615892,283172,0.08453964442014694
2039686,772050,0.002530102850869298
1982403,2500441,0.7257042527198792
921571,2696934,0.04856869578361511
920559,397507,0.003328884718939662
1212231,1567679,0.0000120016502478
1617920,3034795,0.0000113107580546
1974869,2077489,0.0000000065061867
923314,724426,0.08407717943191528
920732,120708,0.14134998619556427
2037991,1077371,0.0004721710574813
51004,2905151,0.4709952473640442
2524254,1985654,0.000003159689868
1983142,1582383,0.0000000752129097
605725,3052846,0.013345932587981224
2120980,2153943,0.13906945288181305
2039581,3092090,0.004014096222817898
1981227,395233,0.017149806022644043
1212223,2361708,0.9058313369750977
1867943,3078680,0.0000003198331626
2035508,1944923,0.0000000064800023
2524178,3061156,0.2505151331424713
915170,417733,0.06609004735946655
920555,433265,0.04012726619839668
916383,1996693,0.0001371208491037
923173,2133555,0.0000070954738476
2726290,2255652,0.10704317688941956
912420,1685329,0.000005528537713
1628409,449389,0.1385323405265808
1628406,980590,0.13525687158107758
2035527,2684589,0.0000001224647406
555337,1449344,0.06713848561048508
454514,1582965,0.0027583446353673935
1616082,1209274,0.0000095023297035
1980901,2225141,0.0000016053650143
2033850,815037,0.0000007436223655
656278,1047609,0.023496469482779503
303178,3055880,0.0000140473030115
1973541,180132,0.0000759388858569
2034973,815037,0.2833128273487091
1716562,1691971,0.0008304124348797
2019608,1846082,0.0000000278935879
1363402,28956,0.0000766942757764
2473415,143547,0.0000005312746225
1615761,1037735,0.5127683281898499
504820,1326061,0.0001370992540615
2172040,589527,0.0000000163251723
2927808,3032418,0.0000775929511292
1623674,2042709,0.4073246419429779
913654,1687481,0.0003610490530264
1984671,2819099,0.01780734397470951
2033595,1048223,0.004680621437728405
923680,2596710,0.012916152365505695
1971856,3079651,0.000004909483323
2221428,1755008,0.0026928747538477182
1630257,875836,0.0000000371280962
605866,1844338,0.0000004045616322
2524173,2025929,0.15367260575294495
1983530,271897,0.22042937576770782
1212497,528337,0.0000000165978982
916252,768448,0.0000007220141924
910932,2542492,0.0000002731965765
1628426,3125060,0.0003150052798446
303190,1475884,0.0000048091501412
2037943,1755842,0.0000000010598145
1918559,1634394,0.9243891835212708
1617908,2907814,0.006342825945466757
202192,2605772,0.0000616280449321
2171088,2121154,0.014728911221027374
1980139,1296004,0.058737143874168396
858686,577771,0.0000000270355187
303192,3075571,0.0000006730927566
605732,2724500,0.01441110298037529
858161,2588090,0.0000006503009331
921610,1188676,0.04776680842041969
916315,2821105,0.09013944864273071
920801,489962,0.0000004127628586
1630547,2569134,0.000001611001494
1984508,2418683,0.0012929781805723906
920586,232843,0.0000001204665665
2039546,2271339,0.0000069630436883
2676900,968295,0.0000071828108048
2625493,956573,0.015880592167377472
1982495,2297954,0.2587437033653259
606145,2862280,0.5371050238609314
1972495,1077240,0.0000000190577065
1630574,1926833,0.7122266292572021
2524254,675167,0.0002034850767814
2037824,1163281,0.0000000022918938
2019406,1905784,0.0000007041269896
1212386,1003022,0.0000001209403706
2676460,725290,0.0000022322522
1628452,1847770,0.002646935230586678
1617908,2499420,0.0000001869846642
355612,2385325,0.000022244063075
1630263,379120,0.0000015408114677
2726245,2470357,0.0000010189352224
1628890,414666,0.0000002157878782
2039555,508965,0.002352585317566991
1630601,1926832,0.8038008213043213
1969102,3124715,0.0000001755441872
1628809,2483348,0.8970061540603638
1983483,2481239,0.0000029416057714
1984213,427591,0.20591968297958374
1628885,1911705,0.21648801863193512
1617581,216304,0.044458646327257156
1981978,692263,0.02721698395907879
1971223,1452695,0.0000007296053468
912252,402034,0.0000009405572996
1212216,565177,0.0000113110854727
1629914,1697855,0.0000007385975209
920392,2806656,0.0000063804914134
2726297,3142687,0.0000431112384831
1627336,3117991,0.0000000085106526
2035383,1766641,0.0000000371569726
2037587,1109183,0.0000002077491814
1617677,1366519,0.0000075323418969
1629916,1649230,0.0000004138978795
1630189,1198078,0.0000001382332329
706775,2471431,0.0000142237249747
1628798,2804295,0.0000000261372843
921611,2731052,0.65552818775177
920389,3104976,0.000000014534721
3,1098926,0.0000793828730821
1363361,3077636,0.000063133178628
2726290,1424282,0.0000113754449558
2035525,1363890,0.0000000689719144
1627884,3080338,0.0000001718230607
2172075,3013923,0.0000003058270863
858681,3057318,0.026346778497099876
355242,1863746,0.0016129502328112721
2624851,1624564,0.046071115881204605
3,1419111,0.0000000555437616
605733,666352,0.9620020985603333
1628406,3138705,0.0000002004858857
1212161,2206628,0.05186688154935837
917165,2716594,0.03474876657128334
2037945,2360377,0.0000022534304662
2025891,2568209,0.012771318666636944
1312916,2312495,0.14737661182880402
923295,628545,0.0000030422118016
2037583,128915,0.03536415100097656
1817226,33919,0.04764270782470703
921578,26288,0.0000331360424752
1413812,2625514,0.0000000349142226
606075,2966456,0.0000043734407882
657853,3118599,0.0000017492268398
1980963,3086656,0.007556979078799486
355242,3057591,0.0000032706498132
303190,2817358,0.022467445582151413
1981227,1380080,0.0000090834164439
606064,2525641,0.0004492552834563
1867784,2233526,0.0000001115821817
2574826,1367887,0.0000150421601575
1060259,475293,0.2775580585002899
1981393,2560473,0.0000221342597797
1629730,1010401,0.0000044089797484
2020855,1738742,0.0000001634208502
1629880,1201541,0.001173109165392816
1984671,2500421,0.0000002056358852
1984799,1453932,0.0000000980587416
1665919,1888317,0.0000002581222702
454312,164737,0.0000001286335163
1984287,90502,0.00000083790394
1629935,1251298,0.0000090449011623
1111216,1033044,0.2159717082977295
2037773,1249154,0.0000001719960778
2120253,2815170,0.0000002967771024
2271497,1411738,0.0000000462343266
1413670,2897304,0.0000045595688789
908838,1384822,0.041290104389190674
1626233,2865620,0.577437162399292
1628451,395846,0.027488190680742264
1630668,189520,0.1879996508359909
2423101,2497895,0.005203447304666042
2039686,286747,0.00000034083169
2271482,3143635,0.04209398478269577
2473818,868475,0.0000000126532891
1984787,307439,0.1980818212032318
606055,838203,0.0016659125685691833
2473646,813088,0.0000004531406148
2034934,2667264,0.000000033760692
303190,1784102,0.0012174970470368862
2034660,774710,0.0000015735821535
912329,3033057,0.0000000031166529
2625399,1457749,0.0000001309686724
2033148,1227723,0.0000025374083634
1984356,1828670,0.0000016424874048
1630229,1389767,0.0000365393025277
1627330,1522130,0.0001260187564185
2037883,1634394,0.0000044745679588
2069729,2838413,0.0000003614116793
1867734,489967,0.0002444026176818
2034226,2315397,0.0037250511813908815
2524246,1592661,0.0000000196758609
1628401,1662127,0.0000008744988236
923710,1862690,0.3973168730735779
922436,1457192,0.0000006765151284
2031292,930104,0.0000000007424216
921482,921482,0.14603060483932495
302891,2904779,0.1520920693874359
920728,3074457,0.000575503858272
2035521,1125879,0.0000001020280465
101484,804152,0.0000000041528847
2271857,2680814,0.0000000287681878
1622000,3134008,0.003411754732951522
1161658,276716,0.0000003842770013
2021154,1165680,0.0001174757926492
1984611,2636664,0.0017722959164530039
454571,1151135,0.0000018585354837
1313228,2323660,0.0346052460372448
1464062,394386,0.09830710291862488
2026250,186079,0.025418374687433243
1969401,1852379,0.0000028279036997
1514675,3110387,0.1278747320175171
1982509,2471760,0.0000023443155897
920733,1219030,0.0000208444344025
1628405,1829978,0.04381553456187248
1982508,2297972,0.0962638258934021
1464234,1285831,0.5573803782463074
2034858,290161,0.0000013633961089
1565267,2255267,0.02208117675036192
1628808,2935628,0.0000006904857059
504811,2824103,0.0000002172286315
2039666,1750380,0.004462448880076408
1630248,1788964,0.00000012560578
2726063,821213,0.000008573226296
922027,1034583,0.051362957805395126
1716806,1783044,0.0000045024671635
2676799,3054255,0.050946030765771866
1630267,3081098,0.05471531301736832
201933,952869,0.013819295912981033
605729,1685111,0.006026823073625565
2020884,529874,0.0059346663765609264
2039349,1768310,0.0000020100228539
1982403,318293,0.0000702378165442
908748,1129631,0.0000001637279752
50481,2972512,0.00000000762188
921631,2125339,0.0003339479444548
2024911,1628215,0.0009261127561331
1817599,1231471,0.06265032291412354
920338,1022026,0.0000002320621206
2473692,733079,0.0000005612211567
606139,338713,0.001435144105926156
919338,1755620,0.3379935622215271
1615728,859991,0.014590092934668064
1665837,1255556,0.0000018096097847
2676942,1252602,0.0000001199071278
1628401,609207,0.0001495975884609
555415,3146107,0.002618689788505435
921219,1451615,0.0000002882007379
2032844,263833,0.000000090161933
2034626,938595,0.0000000241710971
920480,888867,0.0000003577895029
920386,1271833,0.0001160724350484
1972506,3140,0.0000016203044879
920291,3125398,0.0000000015569507
1628902,621016,0.0000282795244857
1630443,1475487,0.01890341378748417
1618004,150004,0.0000000069320261
706935,1234538,0.0031948338728398085
921257,816019,0.051632147282361984
920500,2418284,0.20120905339717865
1616887,420769,0.0000097716238088
1464288,1688666,0.0000000049867972
808164,723649,0.0000064845748966
920739,312326,0.000004876822004
605752,3052846,0.0000020592210603
50947,2121804,0.0000017129716525
2574813,3084229,0.2336624264717102
1627768,1795695,0.0000004079210782
2423101,748216,0.07945063710212708
920729,573044,0.13530710339546204
2035524,872310,0.0000130401822389
922436,2547767,0.0000028264087177
1980167,1296004,0.058737143874168396
2034675,3084261,0.0000010248733133
920702,1690649,0.0000243761569436
2034301,1334118,0.0000332697782142
920777,3064758,0.17280006408691406
252741,2614090,0.0000000211586215
504998,1076560,0.0000000008823617
1630263,3040544,0.0000090114726845
404785,234670,0.0555497407913208
252622,3036393,0.000000140438587
1972493,3088828,0.013204455375671387
2928006,2760123,0.003386362688615918
1312919,2996659,0.0000050812045629
50506,2972504,0.0000004000341107
2776259,1518043,0.0000000292141369
1982560,119777,0.24844621121883392
2423107,1577575,0.005157014820724726
1766999,2233106,0.0000003182419732
1979784,432330,0.0000000192209129
1464406,3041397,0.06609869003295898
1630257,2069099,0.0000000882899442
2826724,3041249,0.0005522977444343
1981391,2934226,0.24754594266414642
1984716,1653945,0.0000000021389175
912330,104066,0.0000005695956702
1617825,1891294,0.08164118975400925
1984812,1796131,0.0001537038333481
2034227,1905872,0.5135573744773865
303178,2348094,0.0000000120867316
2625352,713940,0.023080311715602875
504986,1002073,0.0000110649880298
1060209,1296870,0.0000000011734685
1362891,2308965,0.0002000990352826
2035521,1361111,0.0004070014692843
920777,2509241,0.006740807555615902
920436,1906573,0.0000004595404164
2069712,2838414,0.0000132116401801
1464068,2515328,0.008222190663218498
1984287,90522,0.0000077637405411
2171993,2999359,0.004389532841742039
920777,2412995,0.0000679082222632
1969076,3057475,0.0030237447936087847
1971176,1531218,0.09584220498800278
2221290,2153036,0.0006259806104936
2170964,1175837,0.00178383884485811
707005,2786978,0.0000094371243904
1630601,981545,0.8657185435295105
1628402,2767751,0.0000001794776665
858366,1901513,0.0000003822526082
1981096,2915349,0.0000002666275236
923775,1283879,0.4088529944419861
1630247,3125175,0.0000348621069861
2039643,619431,0.0000042463648242
2030018,3086656,0.02689536102116108
51230,3047021,0.0006292457110249
2120237,432332,0.0000028119025046
1984288,3079881,0.06985616683959961
454321,1308476,0.012822425924241543
2037985,422886,0.0000002305045541
1980841,2872791,0.0000000003857032
2035506,2369885,0.0000000013253521
555873,2838646,0.0000167889811564
1980910,3040339,0.05311303958296776
1616012,2445608,0.0000018727171209
1212222,1985652,0.4676876366138458
808228,748207,0.0001711524819257
2037882,1794346,0.00746997119858861
454753,1278243,0.0000072077323239
1363035,3099581,0.0000048786628213
606064,2262794,0.011793509125709534
923680,1697853,0.0001055905158864
1060191,1783033,0.07793247699737549
1616014,2911212,0.0000065476106101
2172076,2577948,0.0000000138764946
1969203,2940800,0.00274505652487278
1629722,243569,0.021469024941325188
921479,181041,0.0000944869098021
2037985,796974,0.0021343540865927935
1984288,3056813,0.8811461329460144
2877785,427827,0.011890767142176628
858164,1665225,0.0000025510007617
1413852,3059281,0.0011842682724818587
1971995,3033194,0.0000024020725959
1817606,2250731,0.0000016773402649
1918690,3133585,0.0000378286094929
1629880,3101059,0.0000020893085093
1716519,2045466,0.09102249145507812
2030020,2815269,0.142245814204216
1981949,644415,0.0000026472264381
2035508,1596933,0.0003020789881703
706841,860994,0.0000007829300444
910016,1882638,0.0000004045762125
101045,1834745,0.5151114463806152
355803,1904641,0.0000000582145354
2676320,406411,0.0000000157314446
2039686,2485293,0.0000079292130977
2033817,1315333,0.0000000803106914
1984288,869820,0.0000002980677891
50561,1489575,0.021439703181385994
1628684,3094389,0.0000007069117487
1969087,3103874,0.07791459560394287
2034689,2670478,0.009864731691777706
504989,2681979,0.007366658188402653
1630574,981533,0.3081624507904053
2035508,2762962,0.0000000063532579
304287,994845,0.0012065658811479807
1665947,1877964,0.000000286885296
1628409,3067690,0.05277111753821373
504820,705921,0.29245725274086
920664,2678523,0.011181577108800411
555575,54041,0.0000002638159629
920808,2839700,0.0000087661283033
1413821,2656299,0.0000000471815582
920503,2310071,0.0000001393015481
1969090,3053639,0.0000342420607922
757185,1365200,0.15979672968387604
1211517,1323035,0.008146964944899082
1867898,1808894,0.3628225028514862
1984286,1491675,0.0000021506525627
1629734,3035763,0.04246878623962402
1981132,219778,0.0000001236743969
2877834,855876,0.1984786093235016
1627455,999192,0.000023734775823
454319,640698,0.4756891429424286
1262563,2597172,0.36467400193214417
1716627,2339308,0.15813122689723969
2877920,749166,0.0003860814031214
606067,742596,0.0000001214230281
2034660,2383174,0.0000002484247545
505019,1328515,0.0000000036385794
1767291,3114373,0.0000031815764032
1463890,3107432,0.0000006944812867
555573,2596710,0.0000010831162172
2033227,1879027,0.0000000343904638
807845,2471428,0.13567744195461273
1984488,1854625,0.0000004078478355
910453,2926364,0.0000001898019093
1616013,446163,0.0002628827933222
1629724,1947889,0.0000019159888325
1629730,1984391,0.005635154899209738
303178,469294,0.23236675560474396
2221550,1286569,0.0000000816603603
2026145,3108902,0.019114473834633827
1984288,2528996,0.002888207556679845
1978794,1986793,0.0000061165842453
2035521,1728379,0.0002451395557728
1981819,2008010,0.0007362215546891
1630601,1438046,0.0008734528673813
1971170,3120069,0.0000003251958276
1262203,2061607,0.0000004500000443
920500,2341431,0.0000390997920476
920296,2106924,0.0000000840408632
606064,536091,0.004882619250565767
1565254,1844060,0.0000715243368177
1628734,1396669,0.12665575742721558
1980896,1191879,0.000001093682954
1628378,373725,0.08970759063959122
1619132,243952,0.0004708511987701
1983985,1986795,0.0000009778846106
2027008,387340,0.0000023765257993
1628875,2542125,0.0000000085166825
1363057,2153209,0.0000007697686328
2034660,1168678,0.0000000374971094
2031725,444145,0.0000002564180193
355410,909020,0.0000005793845617
2574442,2887233,0.0000000229742518
2069608,896703,0.0038515175692737103
2026251,748201,0.0000003942214448
605876,1203645,0.001897114678286016
355234,2526999,0.003314380068331957
912387,1187161,0.0000000182433162
2034960,637132,0.0000012672172716
1628459,1847784,0.0000029884331525
2037945,731772,0.0000316144542012
1313116,175264,0.5692120790481567
1983923,2993899,0.8493220330092299
1565202,1781709,0.0000000712171726
